Slots Demandados, Tempo Transmitido, Tempo Faltante, Classe, Degradacao Tolerada(%), Degradaco Tolerada, Degradacao Realizada %, Degradacao Realizada, Atraso (%), Atraso, Custo, Carga na Rede, Status, Tamanho(Path 1), Tamanho(Path 2), Tamanho(Path 3), Path 1, Path 2, Path 3, NumWaveInUse, NumWave, Trafego caminho 1(%),Trafego caminho 1, Trafego caminho 2(%),Trafego caminho 2, Trafego caminho 3(%),Trafego caminho 3
5,3.0860836158725533,5.25975426823436,2,0.47748947,0.0,1.0,0,0.0,0.0,1.5E-6,50.0,5,3,3,3,[7-5-6],[7-8-6],[7-3-6],0,20,
1,0.6096652490971337,0.27468408998140603,3,0.45214456,9042.892,0.375,7500,0.2594816,259.52377,0.0,50.0,1,5,4,4,[9-6-5-4-1],[9-8-7-1],[9-3-2-1],5,8,0.4,2,0.6,3,
3,0.3675273433204893,0.28955924757326557,1,0.0,0.0,0.0,0,0.43458298,434.65363,3.0E-6,50.0,0,5,4,4,[10-8-6-3-0],[10-9-6-0],[10-4-2-0],20,20,0.85,17,0.15,3,
2,0.14445144721446468,1.6219156506783747,2,0.47748947,0.0,1.0,0,0.0,0.0,1.5E-6,50.0,5,2,3,3,[9-6],[9-3-6],[9-8-6],0,8,
7,2.6706511043526955E-7,4.162735060177824,3,0.45214456,9759.088,0.45,9088,0.2594816,259.52377,0.0,50.0,3,4,4,5,[9-6-5-4],[9-8-5-4],[9-6-8-5-4],11,19,0.13636364,3,0.8636364,19,
4,1.22926956041465,1.0304064843236347,0,0.0,0.0,0.0,0,0.0,0.0,3.75E-6,50.0,0,5,4,4,[1-4-5-6-9],[1-7-8-9],[1-2-3-9],20,20,0.85,17,0.15,3,
4,0.6635117376192738,0.9696758003794912,0,0.0,0.0,1.0,0,0.0,0.0,3.75E-6,50.0,4,4,4,4,[6-5-4-1],[6-3-2-1],[6-8-7-1],0,20,
5,0.6314779186859595,3.840642064134613,1,0.0,0.0,1.0,0,0.43458298,434.65363,3.0E-6,50.0,2,3,4,4,[6-5-4],[6-3-2-4],[6-8-7-4],0,20,
3,0.49096684350547554,0.5131683330317856,1,0.0,0.0,1.0,0,0.43458298,434.65363,3.0E-6,50.0,2,3,2,4,[0-3-6],[0-6],[0-2-5-6],0,16,
2,0.921621539310081,0.7812086630500517,2,0.47748947,0.0,1.0,0,0.0,0.0,1.5E-6,50.0,5,2,3,3,[6-9],[6-3-9],[6-8-9],0,16,
2,1.3057947913038102,0.303225146509817,2,0.47748947,10604.086,0.4375,9716,0.0,0.0,1.5E-6,50.0,1,4,4,4,[0-3-6-8],[0-2-5-8],[0-6-9-8],9,16,0.6666667,6,0.33333334,3,
2,0.9365220142409497,0.499064061887907,3,0.45214456,0.0,1.0,0,0.2594816,259.52377,0.0,50.0,3,2,3,3,[6-8],[6-9-8],[6-5-8],0,16,
4,0.22406156152851509,0.7817506172518733,3,0.45214456,9684.937,0.4166667,8925,0.2594816,259.52377,0.0,50.0,1,4,4,4,[4-5-6-9],[4-2-3-9],[4-7-8-9],7,12,0.5714286,4,0.42857143,3,
